Paper..,Original.sample.size,Original.p.value,Replication.p.value,Original.test.statistic.type,Original.df1,Original.df2,replicated,p,N,q,ejab,f,U_diagnostic,type1_candidate
1,6,1.41e-7,0.7054361,t,NA,8,0,1.41e-7,6,1,2.3711118307635783e-5,0.0011594819617675167,-0.023737278152127332,FALSE
1,6,1.439379e-4,0.0147371,t,NA,8,1,1.439379e-4,6,1,0.005946754066637367,0.0011594819617675167,-0.020793064909191708,FALSE
1,6,5.95e-9,0.01050397,t,NA,8,1,5.95e-9,6,1,1.834601666683549e-6,0.0011594819617675167,-0.023740043274313262,FALSE
1,6,2.95e-5,0.02309614,t,NA,8,1,2.95e-5,6,1,0.001703862227826281,0.0011594819617675167,-0.02313615840198427,FALSE
1,6,6.72e-8,0.8717794,t,NA,8,0,6.72e-8,6,1,1.304147851411351e-5,0.0011594819617675167,-0.023738789192611017,FALSE
1,6,0.01991732,0.001698913,t,NA,2.271316,1,0.01991732,6,1,0.25612498976927495,0.0011594819617675167,0.38406304420335585,TRUE
1,6,0.03834298,0.5797451,t,NA,2.470459,0,0.03834298,6,1,0.4100349697005011,0.0011594819617675167,0.7613248084126615,TRUE
1,6,0.02393541,0.002616336,t,NA,2.288098,1,0.02393541,6,1,0.2926343666240115,0.0011594819617675167,0.4663326466030403,TRUE
1,6,0.01260772,0.4371327,t,NA,4,0,0.01260772,6,1,0.18319983209882124,0.0011594819617675167,0.23440042198714542,TRUE
1,6,0.00221037,0.007506881,t,NA,4,1,0.00221037,6,1,0.04945678142086643,0.0011594819617675167,0.021516725875221993,TRUE
1,6,0.01593591,0.03383443,t,NA,4,1,0.01593591,6,1,0.21763731716766901,0.0011594819617675167,0.3025444575887884,TRUE
1,6,0.004981447,0.6712144,t,NA,4,0,0.004981447,6,1,0.09162776131844852,0.0011594819617675167,0.0782539823848846,TRUE
1,6,3.8e-5,0.00075998700000000005,t,NA,4,1,3.8e-5,6,1,0.002081979671675411,0.0011594819617675167,-0.02296212257391737,FALSE
5,4,6.61e-6,0.03997007,t,NA,3,1,6.61e-6,4,1,9.873916361828724e-4,8.242363247932261e-4,-0.016626611641324715,FALSE
5,4,6.36e-6,0.02797935,t,NA,3,1,6.36e-6,4,1,9.60449389118264e-4,8.242363247932261e-4,-0.016631695446461963,FALSE
5,4,0.4291293,0.9872779,t,NA,3,0,0.4291293,4,1,1.58202414910309,8.242363247932261e-4,8.709677932081567,FALSE
6,4,0.02348687,0.006135204,t,NA,2,1,0.02348687,4,1,0.2918830500366552,8.242363247932261e-4,0.4608496540061405,TRUE
9,18,1.2899999999999999e-39,2.82e-10,chi-squared,NA,1,1,2.220446049250313e-16,18,1,6.393359153064549e-14,0.001209725733475553,-0.024794403221982647,FALSE
9,18,1.2899999999999999e-39,0.02815377,chi-squared,NA,1,1,2.220446049250313e-16,18,1,6.393359153064549e-14,0.001209725733475553,-0.024794403221982647,FALSE
9,18,1.2899999999999999e-39,0.005859398,chi-squared,NA,1,1,2.220446049250313e-16,18,1,6.393359153064549e-14,0.001209725733475553,-0.024794403221982647,FALSE
9,18,1.21e-26,0.2228685,chi-squared,NA,1,0,2.220446049250313e-16,18,1,6.393359153064549e-14,0.001209725733475553,-0.024794403221982647,FALSE
9,18,1.21e-26,0.561752,chi-squared,NA,1,0,2.220446049250313e-16,18,1,6.393359153064549e-14,0.001209725733475553,-0.024794403221982647,FALSE
9,18,1.21e-26,3.697778e-4,chi-squared,NA,1,1,2.220446049250313e-16,18,1,6.393359153064549e-14,0.001209725733475553,-0.024794403221982647,FALSE
9,18,6.13e-24,0.1615367,chi-squared,NA,1,0,2.220446049250313e-16,18,1,6.393359153064549e-14,0.001209725733475553,-0.024794403221982647,FALSE
9,18,6.13e-24,0.04086671,chi-squared,NA,1,1,2.220446049250313e-16,18,1,6.393359153064549e-14,0.001209725733475553,-0.024794403221982647,FALSE
9,18,6.13e-24,8.26e-8,chi-squared,NA,1,1,2.220446049250313e-16,18,1,6.393359153064549e-14,0.001209725733475553,-0.024794403221982647,FALSE
9,18,3.47e-35,0.5395414,chi-squared,NA,1,0,2.220446049250313e-16,18,1,6.393359153064549e-14,0.001209725733475553,-0.024794403221982647,FALSE
9,18,3.47e-35,5.64e-9,chi-squared,NA,1,1,2.220446049250313e-16,18,1,6.393359153064549e-14,0.001209725733475553,-0.024794403221982647,FALSE
9,18,3.47e-35,0.02352626,chi-squared,NA,1,1,2.220446049250313e-16,18,1,6.393359153064549e-14,0.001209725733475553,-0.024794403221982647,FALSE
9,18,2.56e-42,5.71e-15,chi-squared,NA,1,1,2.220446049250313e-16,18,1,6.393359153064549e-14,0.001209725733475553,-0.024794403221982647,FALSE
9,18,2.56e-42,4.14e-11,chi-squared,NA,1,1,2.220446049250313e-16,18,1,6.393359153064549e-14,0.001209725733475553,-0.024794403221982647,FALSE
9,18,2.56e-42,2.67e-5,chi-squared,NA,1,1,2.220446049250313e-16,18,1,6.393359153064549e-14,0.001209725733475553,-0.024794403221982647,FALSE
9,18,0.6449664,1.43e-16,chi-squared,NA,1,1,0.6449664,18,1,3.8379199343752677,0.001209725733475553,13.194364736502683,FALSE
9,18,0.6449664,1.96e-17,chi-squared,NA,1,1,0.6449664,18,1,3.8379199343752677,0.001209725733475553,13.194364736502683,FALSE
9,18,0.6449664,6.91e-6,chi-squared,NA,1,1,0.6449664,18,1,3.8379199343752677,0.001209725733475553,13.194364736502683,FALSE
9,7,6.93e-16,0.77218,chi-squared,NA,1,0,6.93e-16,7,1,1.9113956512907152e-12,0.001232818257569157,-0.025279669923919886,FALSE
9,8,3.42e-7,0.06858681,chi-squared,NA,1,0,3.42e-7,8,1,3.251402382660786e-5,0.0012738515147696639,-0.026136059474425412,FALSE
15,6,0.0154218,0.7365876,t,NA,2.797413,0,0.0154218,6,1,0.2124675270689849,0.0011594819617675167,0.2920181564632034,TRUE
15,20,5.879201e-4,0.825914,t,NA,9.769102017,0,5.879201e-4,20,1,0.01634703949957845,0.001177655165555458,-0.012079204052063376,FALSE
15,30,0.9525123,0.2333175,F,2,27,0,0.9525123,30,2,5.263673034934343,0.0017223657863507658,19.694211402447685,FALSE
15,20,2.1e-5,0.669649,t,NA,27,0,2.1e-5,20,1,8.268265232417354e-4,0.001177655165555458,-0.023691102290921282,FALSE
16,5,4.72e-5,0.02087446,t,NA,4,1,4.72e-5,5,1,0.002972856375933721,0.0010340064211737943,-0.02015289283541685,FALSE
16,9,3.71e-8,0.002723826,t,NA,8,1,3.71e-8,9,1,4.260939349239189e-6,0.0012944980901190561,-0.026577305219319527,FALSE
16,14,4.86e-10,5.2e-5,t,NA,13,1,4.86e-10,14,1,5.79602745536128e-8,0.0012712222117087224,-0.026087699782492306,FALSE
19,2,0.1766213,2.6e-6,t,NA,1,1,0.1766213,2,1,0.8959389325228577,8.733536125737906e-5,3.536857146707321,FALSE
19,2,0.1815468,1.5e-5,t,NA,1,1,0.1815468,2,1,0.9051492203543959,8.733536125737906e-5,3.6355395159146098,FALSE
19,19,4e-5,0.02364086,chi-squared,NA,1,1,4e-5,19,1,0.001474419180291952,0.0011936354730500698,-0.023636988418038275,FALSE
19,19,1.094824e-4,0.2655945,t,NA,17,0,1.094824e-4,19,1,0.003636246020595867,0.0011936354730500698,-0.02221335441715642,FALSE
20,34,0.6415434,0.9782731,chi-squared,NA,2,0,0.6415434,34,2,4.036695226709041,0.0017388763571112298,13.257141055752507,FALSE
20,18,0.001023486,0.327788,z,NA,NA,0,0.001023486,18,1,0.02605522554704983,0.001209725733475553,-0.0038171487304660212,FALSE
20,21,0.1460453,0.0623144,z,NA,NA,0,0.1460453,21,1,1.6753692179250192,0.001161884767670207,2.9666053766223155,FALSE
20,27,0.03519667,0.2227251,z,NA,NA,0,0.03519667,27,1,0.6140094588584247,0.0010742314059859481,0.6974328574613102,TRUE
20,13,0.001554002,0.9432789,z,NA,NA,0,0.001554002,13,1,0.03546805678720514,0.001284006938416793,0.00554222637403489,TRUE
20,18,0.01165501,0.09386169,z,NA,NA,0,0.01165501,18,1,0.21026659444257803,0.001209725733475553,0.21408537712793865,TRUE
20,25,2.038955e-4,0.02466544,rho,NA,NA,1,2.038955e-4,25,1,0.006657008274020906,0.0011019704054108237,-0.01836628004966074,FALSE
21,12,0.04073944,0.02357807,t,NA,10,1,0.04073944,12,1,0.5083902147473868,0.0012943663462291477,0.8098667586211963,TRUE
21,12,3.985327e-4,0.04057874,t,NA,10,1,3.985327e-4,12,1,0.01105783647648391,0.0012943663462291477,-0.018392813706054535,FALSE
21,12,0.31699,0.4863648,t,NA,10,0,0.31699,12,1,2.1891481450890535,0.0012943663462291477,6.481706734336456,FALSE
24,8,0.002190081,0.8655577,t,NA,6,0,0.002190081,8,1,0.04663811430979783,0.0012738515147696639,0.01880365088794284,TRUE
24,8,0.2351748,0.4031949,t,NA,6,0,0.2351748,8,1,1.5267750969370106,0.0012738515147696639,4.800316785886111,FALSE
24,8,7.419815e-4,0.8291362,t,NA,3.576481,0,7.419815e-4,8,1,0.019458373220019403,0.0012738515147696639,-0.010915494684150585,FALSE
24,8,0.004015118,0.6850368,t,NA,3.925518,0,0.004015118,8,1,0.07566409523332113,0.0012738515147696639,0.056258632591518226,TRUE
24,8,3.724277e-4,0.02857143,t,NA,3.085825,1,3.724277e-4,8,1,0.011092154752110985,0.0012738515147696639,-0.018499796162688695,FALSE
24,8,0.008718023,0.007735024,t,NA,6,1,0.008718023,8,1,0.13943626425598396,0.0012738515147696639,0.15277570086391667,TRUE
24,8,0.01214254,0.0106408,t,NA,4.392191,1,0.01214254,8,1,0.18048159764180152,0.0012738515147696639,0.2230565891848564,TRUE
24,8,2.331278e-4,6.895721e-4,t,NA,6,1,2.331278e-4,8,1,0.007555699996581258,0.0012738515147696639,-0.021358628726527065,FALSE
24,8,6.512861e-4,0.00129412,t,NA,6,1,6.512861e-4,8,1,0.017500958744703577,0.0012738515147696639,-0.01277682382301103,FALSE
24,8,5.563789e-4,0.001362887,t,NA,6,1,5.563789e-4,8,1,0.015394221892924166,0.0012738515147696639,-0.014724591150214572,FALSE
24,8,7.993519e-4,3.991548e-4,t,NA,3.325596,1,7.993519e-4,8,1,0.020671967878114397,0.0012738515147696639,-0.009738089906972478,FALSE
24,8,2.357769e-4,0.143716,t,NA,6,0,2.357769e-4,8,1,0.007626124568797369,0.0012738515147696639,-0.021304261613952942,FALSE
24,8,9.51e-5,0.005671521,t,NA,6,1,9.51e-5,8,1,0.0036098344452625887,0.0012738515147696639,-0.024191354158167495,FALSE
24,8,1.234589e-4,0.06300514,t,NA,6,0,1.234589e-4,8,1,0.004477736944271777,0.0012738515147696639,-0.023609348379307383,FALSE
24,8,1.647319e-4,5.585633e-4,t,NA,3.003484,1,1.647319e-4,8,1,0.005679050403358408,0.0012738515147696639,-0.022762308313899575,FALSE
24,8,0.005636838,0.007422007,t,NA,6,1,0.005636838,8,1,0.09898467220059674,0.0012738515147696639,0.08954096765010733,TRUE
24,8,0.2050917,0.404974,t,NA,6,0,0.2050917,8,1,1.401032742951563,0.0012738515147696639,4.18292548911414,FALSE
24,8,0.007176665,0.03894628,t,NA,6,1,0.007176665,8,1,0.11971732099681674,0.0012738515147696639,0.12114262400648332,TRUE
24,8,3.16e-5,0.006015906,t,NA,3,1,3.16e-5,8,1,0.001448290219327441,0.0012738515147696639,-0.025494555867599713,FALSE
24,6,0.001728131,0.02190393,t,NA,4,1,0.001728131,6,1,0.040968597028202575,0.0011594819617675167,0.011642977205674667,TRUE
24,6,5.738803e-4,0.5690665,t,NA,4,0,5.738803e-4,6,1,0.017504330496107005,0.0011594819617675167,-0.011990078838007127,FALSE
24,6,5.544865e-4,0.01557516,t,NA,4,1,5.544865e-4,6,1,0.017043480578268506,0.0011594819617675167,-0.012387163078285218,FALSE
24,6,0.004070677,0.07951859,t,NA,4,0,0.004070677,6,1,0.0786726102874872,0.0011594819617675167,0.059606145781533115,TRUE
24,6,0.0220685,0.01399455,t,NA,2.835155,1,0.0220685,6,1,0.2759293592214195,0.0011594819617675167,0.4281080315705261,TRUE
24,6,0.005551034,0.002836135,t,NA,2.005994,1,0.005551034,6,1,0.09940815872691636,0.0011594819617675167,0.08991616417325395,TRUE
24,6,0.01632962,0.6034163,t,NA,2.413834,0,0.01632962,6,1,0.22156285327268796,0.0011594819617675167,0.310605592396814,TRUE
24,6,0.01822076,0.3327408,t,NA,4,0,0.01822076,6,1,0.24003920031996545,0.0011594819617675167,0.34932631191333535,TRUE
24,6,0.002565041,0.03318543,t,NA,4,1,0.002565041,6,1,0.055402843160862345,0.0011594819617675167,0.028778544837141328,TRUE
28,12,0.0294672,0.7121999,t,NA,5.786097,0,0.0294672,12,1,0.39451554069272204,0.0012943663462291477,0.5784306976486625,TRUE
28,6,0.3586755,0.3808965,t,NA,4,0,0.3586755,6,1,1.7243108798967024,0.0011594819617675167,7.3200701466427525,FALSE
28,3,0.06328464,0.6321716,t,NA,2,0,0.06328464,3,1,0.5485879731445491,4.902067696145318e-4,1.268323479724146,FALSE
28,3,0.06715723,0.7819519,t,NA,2,0,0.06715723,3,1,0.5667988485906664,4.902067696145318e-4,1.3465421461196923,FALSE
29,3,4.927322e-4,0.003121253,t,NA,2,1,4.927322e-4,3,1,0.030247224803772243,4.902067696145318e-4,5.100870394906641e-5,TRUE
29,3,0.1531738,0.07185459,t,NA,2,0,0.1531738,3,1,0.8773822638106347,4.902067696145318e-4,3.083906905445921,FALSE
29,6,2.91e-5,6.66e-5,t,NA,4,1,2.91e-5,6,1,0.0016855362506794118,0.0011594819617675167,-0.023144348323305062,FALSE
29,10,0.01734749,0.535919,chi-squared,NA,1,0,0.01734749,10,1,0.24756053698215044,0.001302034191286383,0.3294892413317719,TRUE
37,13,0.0050129,0.3441826,z,NA,NA,0,0.0050129,13,1,0.09517493479994961,0.001284006938416793,0.07654350916893785,TRUE
37,13,0.0050129,0.2636006,z,NA,NA,0,0.0050129,13,1,0.09517493479994961,0.001284006938416793,0.07654350916893785,TRUE
39,10,0.00469753,0.103811,t,NA,4.015065,0,0.00469753,10,1,0.08670300361874447,0.001302034191286383,0.06972561897248805,TRUE
41,20,0.5402393,0.0230397,chi-squared,NA,1,1,0.5402393,20,1,3.742281056982003,0.001177655165555458,11.041289529669053,FALSE
42,14,0.001052166,0.6456962,t,NA,12,0,0.001052166,14,1,0.02563351184046854,0.0012712222117087224,-0.004495417731600853,FALSE
42,14,0.002276347,0.5567099,t,NA,7.376149,0,0.002276347,14,1,0.04958899449042058,0.0012712222117087224,0.020626923840736933,TRUE
42,10,0.007936508,0.9372294,z,NA,NA,0,0.007936508,10,1,0.13262987388554517,0.001302034191286383,0.1362371856511201,TRUE
42,10,0.007936508,1,z,NA,NA,0,0.007936508,10,1,0.13262987388554517,0.001302034191286383,0.1362371856511201,TRUE
44,20,0.03981128,0.8474241,z,NA,NA,0,0.03981128,20,1,0.6008314549349335,0.001177655165555458,0.7913103101756025,TRUE
44,20,0.01042671,0.9437466,z,NA,NA,0,0.01042671,20,1,0.1982213222761627,0.001177655165555458,0.18944306886135592,TRUE
44,20,0.0167846,0.6519858,z,NA,NA,0,0.0167846,20,1,0.2956603707433266,0.001177655165555458,0.31966807180948265,TRUE
44,20,0.005007683,0.5287432,z,NA,NA,0,0.005007683,20,1,0.10608143122747313,0.001177655165555458,0.07844825658071276,TRUE
47,12,0.01467993,0.9470389,F,3,8,0,0.01467993,12,3,0.17946622839113482,7.600906791553896e-4,0.2826942517327496,TRUE
47,12,0.0124397,0.6763842,F,3,8,0,0.0124397,12,3,0.16217194270744362,7.600906791553896e-4,0.23719802659953942,TRUE
47,12,0.6172321,0.8617649,F,3,8,0,0.6172321,12,3,2.092864622444244,7.600906791553896e-4,12.519763294118718,FALSE
47,12,0.09492094,0.6715423,F,3,8,0,0.09492094,12,3,0.5761138178321097,7.600906791553896e-4,1.9122872202565921,FALSE
47,6,0.01263466,0.8146451,t,NA,8,0,0.01263466,6,1,0.18348854044314655,0.0011594819617675167,0.234952013188101,TRUE
47,6,0.002873608,0.2034023,t,NA,8,0,0.002873608,6,1,0.06040804492999937,0.0011594819617675167,0.03509639346762582,TRUE
47,12,0.005528176,0.2747297,t,NA,10,0,0.005528176,12,1,0.10169257633078696,0.0012943663462291477,0.08692648747509037,TRUE
47,12,0.001119253,0.139789,t,NA,10,0,0.001119253,12,1,0.026658805760635246,0.0012943663462291477,-0.0035953406842822223,FALSE
47,12,0.006798659,0.191312,t,NA,10,0,0.006798659,12,1,0.12063032153596646,0.0012943663462291477,0.11301141656217223,TRUE
47,12,0.01782211,0.476283,t,NA,10,0,0.01782211,12,1,0.2643650743244622,0.0012943663462291477,0.3393394647374894,TRUE
47,12,0.009242931,0.4598103,t,NA,10,0,0.009242931,12,1,0.15522485946310474,0.0012943663462291477,0.163196001314223,TRUE
48,6,0.002146524,0.3467888,t,NA,6,0,0.002146524,6,1,0.04836175594916859,0.0011594819617675167,0.020209491583603273,TRUE
48,6,0.002146524,0.002382405,t,NA,6,1,0.002146524,6,1,0.04836175594916859,0.0011594819617675167,0.020209491583603273,TRUE
48,755,1.0499999999999996e-130,1.3599999999999997e-55,z,NA,NA,1,2.220446049250313e-16,755,1,6.658816042231887e-14,2.2048952754594175e-4,-0.00442932293735049,FALSE
48,755,1.0499999999999996e-130,2.83e-34,z,NA,NA,1,2.220446049250313e-16,755,1,6.658816042231887e-14,2.2048952754594175e-4,-0.00442932293735049,FALSE
48,755,3.329999999999999e-184,3.6699999999999995e-24,z,NA,NA,1,2.220446049250313e-16,755,1,6.658816042231887e-14,2.2048952754594175e-4,-0.00442932293735049,FALSE
48,755,3.329999999999999e-184,3.77e-40,z,NA,NA,1,2.220446049250313e-16,755,1,6.658816042231887e-14,2.2048952754594175e-4,-0.00442932293735049,FALSE
48,755,6.089999999999999e-110,1.92e-6,z,NA,NA,1,2.220446049250313e-16,755,1,6.658816042231887e-14,2.2048952754594175e-4,-0.00442932293735049,FALSE
48,755,6.089999999999999e-110,9.91e-25,z,NA,NA,1,2.220446049250313e-16,755,1,6.658816042231887e-14,2.2048952754594175e-4,-0.00442932293735049,FALSE
48,514,0.04570119,7.109999999999999e-40,z,NA,NA,1,0.04570119,514,1,3.0916604406528156,2.695242220143168e-4,0.9135578348537947,TRUE
48,514,0.04570119,9.29e-13,z,NA,NA,1,0.04570119,514,1,3.0916604406528156,2.695242220143168e-4,0.9135578348537947,TRUE
48,514,0.0014397050000000001,2.22e-17,z,NA,NA,1,0.0014397050000000001,514,1,0.14282633654327884,2.695242220143168e-4,0.02353045611728674,TRUE
48,514,0.0014397050000000001,1.03e-16,z,NA,NA,1,0.0014397050000000001,514,1,0.14282633654327884,2.695242220143168e-4,0.02353045611728674,TRUE
48,514,4.11e-9,0.4934609,z,NA,NA,0,4.11e-9,514,1,7.296356901792234e-7,2.695242220143168e-4,-0.005419616599236839,FALSE
48,514,4.11e-9,8.35e-6,z,NA,NA,1,4.11e-9,514,1,7.296356901792234e-7,2.695242220143168e-4,-0.005419616599236839,FALSE
50,99,2.52e-6,0.03207874,t,NA,98,1,2.52e-6,99,1,1.723196607335147e-4,6.194637116566648e-4,-0.012493661633284027,FALSE
